# MEASURED ABERRATIONS OF THE TARGET INSTRUMENT (user-supplied, 2026-09-29) -- transcribed from photographs by hand; check against
# the originals before quoting. The user's lab JEOL JEM-ARM200F, 200 kV, CEOS CESCOR-type probe corrector (2009), CEOS "STEM
# CsCorrector GUI" log, 23 Sep 2026: three tableaus (runs 1-3, 20:46:24 / 20:48:00 / 20:49:39) taken while tuning with the C1/A1
# routine. Each value comes with the software's 95 % interval (ci95). The routine measures up to A4 only (no B4, D4, C5, A5).
# "manual" = Table 3 of the photographed reference ("Wave aberration coefficients of the corrected microscope, measured at a tilt of
# |tau| = 26 mrad"): measured value and STANDARD DEVIATION, up to fifth order -- the only source here for B4, D4, C5, A5.
# Angles in degrees; blank = round term. Values signed only where the source gives a sign.
source	term	value	unit	angle_deg	uncertainty	uncertainty_kind
run1	C1	3.322	nm		4.34	ci95
run1	A1	2.18	nm	41.4	6.06	ci95
run1	A2	13.54	nm	159.3	34.2	ci95
run1	B2	21.21	nm	-77.7	20.1	ci95
run1	C3	1.079	um		0.871	ci95
run1	A3	1.252	um	-158.6	0.979	ci95
run1	S3	0.4536	um	138.4	0.406	ci95
run1	A4	29.33	um	169.2	30.6	ci95
run2	C1	2.13	nm		4.08	ci95
run2	A1	3.419	nm	45.8	5.8	ci95
run2	A2	22.06	nm	-104.1	34.7	ci95
run2	B2	34.18	nm	-78.5	20.4	ci95
run2	C3	0.7878	um		0.882	ci95
run2	A3	1.186	um	-176.1	0.995	ci95
run2	S3	0.4738	um	108.8	0.409	ci95
run2	A4	13.85	um	-146.5	31.3	ci95
run3	C1	4.489	nm		3.95	ci95
run3	A1	4.152	nm	-70.5	5.9	ci95
run3	A2	16.43	nm	116.5	33.4	ci95
run3	B2	12.81	nm	-85.9	18.8	ci95
run3	C3	0.3206	um		0.804	ci95
run3	A3	0.6332	um	-168.9	0.954	ci95
run3	S3	0.4364	um	11.8	0.388	ci95
run3	A4	4.925	um	-90.9	29.9	ci95
manual	C1	-570	nm		10	sd
manual	A1	14	nm	146	10	sd
manual	A2	250	nm	-20	60	sd
manual	B2	55	nm	-104	60	sd
manual	C3	90	um		3	sd
manual	A3	5.5	um	-59	2	sd
manual	S3	1.6	um	108	2	sd
manual	A4	86	um	154	60	sd
manual	B4	30	um	-141	30	sd
manual	D4	19	um	-10	20	sd
manual	C5	6	mm		4	sd
manual	A5	1	mm	150	2	sd
