# CEOS-APPROX SWEEP, REGION GEOMETRY (2026-09-24): an older hexapole-corrected column -- CEOS CESCOR-like, tuned at
# 30 mrad -- opened to 80 mrad with the probe known. Can a widespread instrument still give depth-resolved ptychography
# by tanking its aberrations? Tableau: campaign/aberration_waves.py ceos_tableau -- A5 = 1.0 mm (CEOS, the limiting
# residual); parasitic A4 = B4 = 10 um (central: A5 must stay the limiting term, which caps them near 27 um); tuned
# terms 0.1 waves at the aperture they are tuned at. C5 = 1 mm fixed, as in the round sweep. aber_json is generated.
#   round_a<A>    controls: the round sweep's own balance (plan_probe.py), 4 A probe, same region geometry.
#   ceosopt_a<A>  THE SWEEP: the operator fights for the smallest probe (plan_probe.py --ceos): A1 A2 S3 A3 D4 retuned
#                 at this aperture, coma B2 against B4, C1/C3 rebalanced; A5 and A4 have no partner knob and set the
#                 floor. Ronchigram flatness ignored. 4 A where reachable, else the smallest d90.
# GEOMETRY (cols side win step detmax, read per row by run_thin_atomfind.sh): every leg is a 210 A x 210 A cut of the
# tiled, periodic labyrinth (simulate_4dstem --region-side), centred on the same material the 70 A box put under its
# scan (checked: all 1171 atoms within 15 A identical to 1e-14 A) -- bulk crystal all round instead of the 70 A box's
# x-vacuum. The recon window is side/BIN, sized from d99 (17.5 / 35 / 70 / 105 A); the detector is recorded to
# +-200 mrad unless the 105 A window needs a crop to +-133 mrad (N <= 1424 px, the engine's proven size); the scan
# field keeps scan/d90 >= 1.5 at 1600 positions. Seam margin >= 30 A beyond scan + d99 at 80 mrad.
# Analysis: GT = make_gt_cache --thin-cells 5 --z-vacuum 4 --region-side 210; atomfind --set scan_center_xy=105,105
# and each leg's dx from its h5 (0.0494 A at BIN 12 ... 0.074 A at 80 mrad).
# WINDOW: the 35 A minimum imposed on 2026-09-27 was WITHDRAWN on 09-28. Its evidence ("17.5 A kernels: 0 grid atoms")
# was extract_psf reading an engine checkpoint on Blythe; from the h5 every 17.5 A kernel is clean and round 70 at
# 17.5 A gives 98/83/81 %, z 0.56 A. The round_a040..a080 and ceosopt_a040/050 rows below say BIN 6 because that is
# what those labels last ran (the 09-27 rerun); their 17.5 A runs are the 2026-09-24 sweep. Both windows work.
# Optional col 15 nl_force: forces that row's recon layer count ('-' or absent = Nyquist over the full box).
label	alpha	c5	c3	c1	df_perf	bin	nl	aber_json	note	side	win	step	detmax	nl_force
round_a040	40	1e7	10000	-18	-48	6	0	-	round control: d90 4.0 A, d99 11.1 A; window 35 A (17.5 A until 2026-09-27)	210	20	0.5	200
round_a050	50	1e7	-20000	38	-40	6	0	-	round control: d90 3.9 A, d99 8.2 A; window 35 A (17.5 A until 2026-09-27)	210	20	0.5	200
round_a060	60	1e7	-40000	0	-24	6	0	-	round control: d90 3.9 A, d99 6.6 A; window 35 A (17.5 A until 2026-09-27)	210	20	0.5	200
round_a065	65	1e7	-40000	4	-32	6	0	-	round control: d90 4.1 A, d99 6.0 A; window 35 A (17.5 A until 2026-09-27)	210	20	0.5	200
round_a070	70	1e7	-50000	-60	-30	6	0	-	round control: d90 4.0 A, d99 10.3 A; window 35 A (17.5 A until 2026-09-27)	210	20	0.5	200
round_a075	75	1e7	-60000	-80	-28	6	0	-	round control: d90 4.1 A, d99 10.9 A; window 35 A (17.5 A until 2026-09-27)	210	20	0.5	200
round_a080	80	1e7	-70000	-100	-26	6	0	-	round control: d90 4.0 A, d99 11.3 A; window 35 A (17.5 A until 2026-09-27)	210	20	0.5	200
ceosopt_a040	40	10000000.0	-13800.0	-37.5	-	6	0	{"C30":-13800.0,"C50":10000000.0,"C12":2.461,"phi12":2.001074,"C21":3.0,"phi21":0.670012,"C23":92.2861,"phi23":0.085815,"C32":3076.2031,"phi32":0.051923,"C34":3076.2031,"phi34":1.277482,"C43":96131.3477,"phi43":1.911671,"C41":100000.0,"phi41":3.811605,"C45":100000.0,"phi45":0.916712,"C56":10000000.0,"phi56":0.569283}	CEOS fought (free): d90 4.2 A, d99 11.0 A; B2 -0 nm vs B4; window 35 A (17.5 A until 2026-09-27)	210	20	0.5	200
ceosopt_a050	50	10000000.0	-20700.0	1.0	-	6	0	{"C30":-20700.0,"C50":10000000.0,"C12":1.575,"phi12":2.001074,"C21":216.8,"phi21":0.670012,"C23":47.2505,"phi23":0.085815,"C32":1260.0128,"phi32":0.051923,"C34":1260.0128,"phi34":1.277482,"C43":31500.32,"phi43":1.911671,"C41":100000.0,"phi41":3.811605,"C45":100000.0,"phi45":0.916712,"C56":10000000.0,"phi56":0.569283}	CEOS fought (floor): d90 4.8 A, d99 10.8 A; B2 -22 nm vs B4; window 35 A (17.5 A until 2026-09-27)	210	20	0.5	200
ceosopt_a060	60	10000000.0	-21500.0	21.0	-	6	0	{"C30":-21500.0,"C50":10000000.0,"C12":1.0938,"phi12":2.001074,"C21":291.7,"phi21":0.670012,"C23":27.344,"phi23":0.085815,"C32":607.6451,"phi32":0.051923,"C34":607.6451,"phi34":1.277482,"C43":12659.2721,"phi43":1.911671,"C41":100000.0,"phi41":3.811605,"C45":100000.0,"phi45":0.916712,"C56":10000000.0,"phi56":0.569283}	CEOS fought (floor): d90 11.6 A, d99 19.6 A; B2 -29 nm vs B4; window 35 A	210	20	0.5	200
ceosopt_a065	65	10000000.0	-25600.0	24.1	-	6	0	{"C30":-25600.0,"C50":10000000.0,"C12":0.932,"phi12":2.001074,"C21":340.3,"phi21":0.670012,"C23":21.5068,"phi23":0.085815,"C32":441.1655,"phi32":0.051923,"C34":441.1655,"phi34":1.277482,"C43":8483.952,"phi43":1.911671,"C41":100000.0,"phi41":3.811605,"C45":100000.0,"phi45":0.916712,"C56":10000000.0,"phi56":0.569283}	CEOS fought (floor): d90 17.5 A, d99 27.4 A; B2 -34 nm vs B4; window 35 A	210	27	0.675	200
ceosopt_a070	70	10000000.0	-35100.0	9.3	-	3	0	{"C30":-35100.0,"C50":10000000.0,"C12":0.8036,"phi12":2.001074,"C21":356.7,"phi21":0.670012,"C23":17.2196,"phi23":0.085815,"C32":327.9917,"phi32":0.051923,"C34":327.9917,"phi34":1.277482,"C43":5856.9941,"phi43":1.911671,"C41":100000.0,"phi41":3.811605,"C45":100000.0,"phi45":0.916712,"C56":10000000.0,"phi56":0.569283}	CEOS fought (floor): d90 25.2 A, d99 38.7 A; B2 -36 nm vs B4; window 70 A	210	38	0.95	200
ceosopt_a075	75	10000000.0	-36700.0	25.6	-	3	0	{"C30":-36700.0,"C50":10000000.0,"C12":0.7,"phi12":2.001074,"C21":318.3,"phi21":0.670012,"C23":14.0001,"phi23":0.085815,"C32":248.8914,"phi32":0.051923,"C34":248.8914,"phi34":1.277482,"C43":4148.1903,"phi43":1.911671,"C41":100000.0,"phi41":3.811605,"C45":100000.0,"phi45":0.916712,"C56":10000000.0,"phi56":0.569283}	CEOS fought (floor): d90 35.4 A, d99 55.1 A; B2 -32 nm vs B4; window 70 A	210	54	1.35	200
ceosopt_a080	80	10000000.0	-42000.0	26.4	-	2	0	{"C30":-42000.0,"C50":10000000.0,"C12":0.6152,"phi12":2.001074,"C21":410.6,"phi21":0.670012,"C23":11.5358,"phi23":0.085815,"C32":192.2627,"phi32":0.051923,"C34":192.2627,"phi34":1.277482,"C43":3004.1046,"phi43":1.911671,"C41":100000.0,"phi41":3.811605,"C45":100000.0,"phi45":0.916712,"C56":10000000.0,"phi56":0.569283}	CEOS fought (floor): d90 49.1 A, d99 75.7 A; B2 -41 nm vs B4; window 105 A, detector +-133 mrad	210	74	1.85	133
# 2026-09-26 WINDOW TEST: every BIN 12 (17.5 A window) leg failed -- grid kernels show 0 atoms at 40-70 mrad, round 75/80
# saturate -- while the BIN 6 (35 A) legs gave the cleanest kernels yet. Hypothesis: point sampling aliases whatever
# of the exit wave (probe tails + electrons scattered sideways through the slab) leaves the window; the old 4x4 sum
# filtered it. These rows repeat two failed legs at a 35 A window, nothing else changed.
round_a070_w35	70	1e7	-50000	-60	-30	6	0	-	WINDOW TEST (35 A, BIN 6) of round_a070: round control: d90 4.0 A, d99 10.3 A; window 17.5 A	210	20	0.5	200
ceosopt_a050_w35	50	10000000.0	-20700.0	1.0	-	6	0	{"C30":-20700.0,"C50":10000000.0,"C12":1.575,"phi12":2.001074,"C21":216.8,"phi21":0.670012,"C23":47.2505,"phi23":0.085815,"C32":1260.0128,"phi32":0.051923,"C34":1260.0128,"phi34":1.277482,"C43":31500.32,"phi43":1.911671,"C41":100000.0,"phi41":3.811605,"C45":100000.0,"phi45":0.916712,"C56":10000000.0,"phi56":0.569283}	WINDOW TEST (35 A, BIN 6) of ceosopt_a050: CEOS fought (floor): d90 4.8 A, d99 10.8 A; B2 -22 nm vs B4; window 17.5 A	210	20	0.5	200
round_a080_w35	80	1e7	-70000	-100	-26	6	0	-	WINDOW TEST (35 A, BIN 6) of round_a080: round control: d90 4.0 A, d99 11.3 A; window 17.5 A	210	20	0.5	200
# 2026-09-27 HIGH-ALPHA TEST: round_a080 saturates even at a 35 A window (w35), while round_a070_w35 and ceosopt_a050_w35
# came back clean. The old pipeline reconstructed a90/a100 at the same 35 A window. These run round_a080 in the OLD
# 70 A box (side '-': no region, so the lazy scan path) at BIN 2 = 35 A: submit _std_sum with DETECTOR_SAMPLING=sum
# and _std_pt with the default point sampling. sum works + pt fails -> point sampling; both work -> region/batched sim;
# both fail -> the round a080 balance itself.
round_a080_std_sum	80	1e7	-70000	-100	-26	2	0	-	HIGH-ALPHA TEST in the old 70 A box, BIN 2 (35 A); detector SUM	-	-	-	-
round_a080_std_pt	80	1e7	-70000	-100	-26	2	0	-	HIGH-ALPHA TEST in the old 70 A box, BIN 2 (35 A); detector point	-	-	-	-
# 2026-09-27 HIGH-ALPHA TESTS (hia_*): round 80 fails in the region AND the old 70 A box, summed AND point (eps ~0.45), so
# neither new piece is the cause. The planner rows are not the cause either: round_a080 (C3 -7 um, C1 -100 A, d90 4.02) sits
# AT the smallest-probe balance (C3 -7 um, C1 -96 A, d90 3.77; searched C3 -12..-2 um), so 'round 80 at the floor' would
# repeat the failed leg -- dropped. Each row below changes ONE thing against a leg we have:
#   hia_a090_w35      the old a90 row (step-0 ladder 95/94/95 %, z 0.37) through the new chain: region, point, 35 A, NL 23
#   hia_a090_std_sum  the old a90 configuration exactly (70 A box, BIN 2, submit with DETECTOR_SAMPLING=sum) on today's
#                     engine: if hia_a090_w35 fails, this says engine regression (fails too) or new sim (works)
#   hia_a080_nl14/23  round_a080_w35 with only the slice count changed (Nyquist 18; a70 ran 14, a90 23)
#   hia_a080_k90      round_a080_w35 with a90's knobs (C3 -9 um, C1 -160 A) at 80 mrad: d50/d90/d99 4.5/5.6/6.9 A
#                     against the row's 2.2/4.0/11.3 -- only the probe changes, NL stays 18
hia_a090_w35	90	1e7	-90000	-160	-24	6	0	-	HIGH-ALPHA TEST: old a90 row through the new chain; d90 6.6 A, d99 15.8 A; window 35 A	210	20	0.5	200	-
hia_a090_std_sum	90	1e7	-90000	-160	-24	2	0	-	HIGH-ALPHA TEST: old a90 configuration (70 A box, BIN 2, detector SUM), today's engine	-	-	-	-	-
hia_a080_nl14	80	1e7	-70000	-100	-26	6	0	-	HIGH-ALPHA TEST: round_a080_w35 at NL 14 (Nyquist 18)	210	20	0.5	200	14
hia_a080_nl23	80	1e7	-70000	-100	-26	6	0	-	HIGH-ALPHA TEST: round_a080_w35 at NL 23 (Nyquist 18)	210	20	0.5	200	23
hia_a080_k90	80	1e7	-90000	-160	-	6	0	-	HIGH-ALPHA TEST: a90 knobs at 80 mrad; d90 5.6 A, d99 6.9 A; window 35 A	210	20	0.5	200	-
# 2026-09-28 RESULTS of the hia_* tests: the chain works at 90 (hia_a090_w35 95/85/87 %, z 0.42); round 80's probe diverges
# IN THE PRESOLVE from iteration 2 at NL 18 and 23 and converges at NL 14 (eps 0.073), while a90's knobs at 80 mrad converge
# at NL 18 (eps 0.027). Candidate rule (fits every compact-probe leg, not yet tested ahead of a run): the probe's intensity
# must change >~6 % per recon slice through the box (ok 0.062-0.077, diverged <= 0.042; scratch probe_depth metric).
# ROUND 75/80 CONTROLS that keep the 4 A-class probe but are stable at Nyquist slicing:
#   round_a075_b8  C3 -8 um, C1 -130 A: d50/d90/d99 3.0/4.1/5.2 A (planner row 1.4/4.1/10.9), 5.6 %/slice at NL 16 -- inside
#                  the untested 4.2-6.2 % gap, so it also tests the rule
#   round_a080_b9  = hia_a080_k90 (C3 -9 um, C1 -160 A; d90 5.6 A, 7.7 %/slice), now with kernels; its lab repeats hia_a080_k90
round_a075_b8	75	1e7	-80000	-130	-28	6	0	-	round control, stable balance: C3 -8 um, C1 -130 A; d90 4.1 A, d99 5.2 A; window 35 A	210	20	0.5	200	-
round_a080_b9	80	1e7	-90000	-160	-26	6	0	-	round control, stable balance (= hia_a080_k90): C3 -9 um, C1 -160 A; d90 5.6 A, d99 6.9 A; window 35 A	210	20	0.5	200	-
# 2026-09-28 LARGE CEOS PROBES (job 3). CEOS 75 was never judged: its kernels were the extract_psf checkpoint bug and its
# lab object is healthy (eps 0.075, vacuum phase std 0.006) -- re-analysed, not re-run. CEOS 70 half-fails (eps 0.27) and
# CEOS 80 fails (0.45). The large probes change only 1-2 %/slice (CEOS 60/65, which work: 2.1/2.0 %). Each row changes ONE
# thing against ceosopt_a070 / a080 (scan 38 A / 74 A at 0.95 / 1.85 A step, 1600 positions, Nyquist NL):
#   *_f20   scan 20 A at 0.5 A (the round legs' scan, 1600 positions): drops Rule 4 (scan/d90 0.8 / 0.4) and fines the step
#   *_s06   scan 38 A at 0.594 A (64 x 64 = 4096 positions, ~13 h recon): the step alone (s05 withdrawn, below)
#   *_nl10  NL 10 (Nyquist 14; 1.9 %/slice, CEOS 65's level): the slice count alone
ceosopt_a070_f20	70	10000000.0	-35100.0	9.3	-	3	0	{"C30":-35100.0,"C50":10000000.0,"C12":0.8036,"phi12":2.001074,"C21":356.7,"phi21":0.670012,"C23":17.2196,"phi23":0.085815,"C32":327.9917,"phi32":0.051923,"C34":327.9917,"phi34":1.277482,"C43":5856.9941,"phi43":1.911671,"C41":100000.0,"phi41":3.811605,"C45":100000.0,"phi45":0.916712,"C56":10000000.0,"phi56":0.569283}	CEOS 70 scan 20 A at 0.5 A (was 38 A at 0.95)	210	20	0.5	200	-
ceosopt_a080_f20	80	10000000.0	-42000.0	26.4	-	2	0	{"C30":-42000.0,"C50":10000000.0,"C12":0.6152,"phi12":2.001074,"C21":410.6,"phi21":0.670012,"C23":11.5358,"phi23":0.085815,"C32":192.2627,"phi32":0.051923,"C34":192.2627,"phi34":1.277482,"C43":3004.1046,"phi43":1.911671,"C41":100000.0,"phi41":3.811605,"C45":100000.0,"phi45":0.916712,"C56":10000000.0,"phi56":0.569283}	CEOS 80 scan 20 A at 0.5 A (was 74 A at 1.85)	210	20	0.5	133	-
#ceosopt_a070_s05	70	10000000.0	-35100.0	9.3	-	3	0	{"C30":-35100.0,"C50":10000000.0,"C12":0.8036,"phi12":2.001074,"C21":356.7,"phi21":0.670012,"C23":17.2196,"phi23":0.085815,"C32":327.9917,"phi32":0.051923,"C34":327.9917,"phi34":1.277482,"C43":5856.9941,"phi43":1.911671,"C41":100000.0,"phi41":3.811605,"C45":100000.0,"phi45":0.916712,"C56":10000000.0,"phi56":0.569283}	CEOS 70 scan 38 A at 0.5 A, 5776 positions (step only)	210	38	0.5	200	-
# ceosopt_a070_s05 WITHDRAWN 2026-09-28: 5776 positions x 1422^2 is 47 GB of patterns. Its sim was KILLED (job 1294737, 99 GB peak,
# right after the scan finished): the float64 buffer (93 GB) plus its float32 copy overran 128 GB (now float32), and the recon would peak
# ~4x the data, ~190 GB, above the ~184 GB a GPU node gives one job. s06 keeps the 38 A field at the finest step that
# fits: 0.594 A, 4096 positions, 33 GB, ~135 GB recon peak, ~13 h recon. (CEOS 65 worked at 0.675 A.)
ceosopt_a070_s06	70	10000000.0	-35100.0	9.3	-	3	0	{"C30":-35100.0,"C50":10000000.0,"C12":0.8036,"phi12":2.001074,"C21":356.7,"phi21":0.670012,"C23":17.2196,"phi23":0.085815,"C32":327.9917,"phi32":0.051923,"C34":327.9917,"phi34":1.277482,"C43":5856.9941,"phi43":1.911671,"C41":100000.0,"phi41":3.811605,"C45":100000.0,"phi45":0.916712,"C56":10000000.0,"phi56":0.569283}	CEOS 70 scan 38 A at 0.594 A (64 x 64 = 4096 positions; step only)	210	38	0.6	200	-
ceosopt_a070_nl10	70	10000000.0	-35100.0	9.3	-	3	0	{"C30":-35100.0,"C50":10000000.0,"C12":0.8036,"phi12":2.001074,"C21":356.7,"phi21":0.670012,"C23":17.2196,"phi23":0.085815,"C32":327.9917,"phi32":0.051923,"C34":327.9917,"phi34":1.277482,"C43":5856.9941,"phi43":1.911671,"C41":100000.0,"phi41":3.811605,"C45":100000.0,"phi45":0.916712,"C56":10000000.0,"phi56":0.569283}	CEOS 70 at NL 10 (Nyquist 14; slice count only)	210	38	0.95	200	10
# 2026-09-28 RESULTS: the 20 A / 0.5 A scan fixes the large CEOS probes -- ceosopt_a070_f20 97/86/86 %, z 0.57 A; ceosopt_a080_f20
# 100/67/75 %, z 0.48 A (old scans: presolve diverges). NL 10 does not (ceosopt_a070_nl10 eps 0.20). round_a080_b9 works (96/79/81);
# round_a075_b8 (5.6 %/slice) diverges in the presolve, so the per-slice threshold sits between 5.6 and 6.2 %. To complete the sweep:
#   ceosopt_a075_f20  the one large-probe leg still on its old scan (54 A at 1.35 A; it worked, noisily: 96/64/52 %)
#   round_a075_b7     a 4 A round 75 predicted stable BEFORE running: C3 -7 um, C1 -120 A, d50/d90/d99 1.9/3.9/8.8 A, 7.2 %/slice
ceosopt_a075_f20	75	10000000.0	-36700.0	25.6	-	3	0	{"C30":-36700.0,"C50":10000000.0,"C12":0.7,"phi12":2.001074,"C21":318.3,"phi21":0.670012,"C23":14.0001,"phi23":0.085815,"C32":248.8914,"phi32":0.051923,"C34":248.8914,"phi34":1.277482,"C43":4148.1903,"phi43":1.911671,"C41":100000.0,"phi41":3.811605,"C45":100000.0,"phi45":0.916712,"C56":10000000.0,"phi56":0.569283}	CEOS 75 scan 20 A at 0.5 A (was 54 A at 1.35)	210	20	0.5	200	-
round_a075_b7	75	1e7	-70000	-120	-28	6	0	-	round control, stable balance: C3 -7 um, C1 -120 A; d90 3.9 A, d99 8.8 A, 7.2 %/slice at NL 16; window 35 A	210	20	0.5	200	-
# 2026-09-29 THE TUNING ASSUMPTION (user: 'probably a bad assumption'): every ceosopt_* row re-tunes A1 A2 S3 A3 D4 to 0.1
# waves at each aperture -- optimistic. ceosbuilt_a080 is the pessimistic bound: those terms tuned to 0.1 waves at 30 mrad and
# left (ceos_tableau alpha=None), which at 80 mrad leaves A1 0.7, B2/A2 1.9, S3/A3 5.1, D4 13.5 waves; defocus and C3 still set
# for the smallest probe (Nelder-Mead, 3 starts): C1 -169.3 A, C3 -9.04 um, d50/d90/d99 12.7/55.3/97.7 A. Same geometry as
# ceosopt_a080_f20 (105 A window, +-133 mrad, 20 A at 0.5 A): 0.25 % of the probe falls outside the window (round_a070
# loses 0.32 % from its 17.5 A window and reconstructs), so only the aberrations differ.
ceosbuilt_a080	80	10000000.0	-90400.0	-169.3	-	2	0	{"C30":-90400.0,"C50":10000000.0,"C12":4.375,"phi12":2.001074,"C21":218.7522,"phi21":1.69512,"C23":218.7522,"phi23":0.085815,"C32":9722.321,"phi32":0.051923,"C34":9722.321,"phi34":1.277482,"C43":405096.7078,"phi43":1.911671,"C41":100000.0,"phi41":3.811605,"C45":100000.0,"phi45":0.916712,"C56":10000000.0,"phi56":0.569283}	PESSIMISTIC BOUND: tuned terms left at 0.1 waves at 30 mrad (as built); C1/C3 fought: d90 55.3 A, d99 97.7 A; geometry = ceosopt_a080_f20	210	20	0.5	133	-
# 2026-09-29 STRETCH (user: 90 and 100 mrad 'in case it magically works'). plan_probe.py --ceos --alphas 90 100, re-tuned
# (optimistic) tableau: 90 mrad C1 +30.9 A, C3 -5.41 um, d90/d99 88.3/135.9 A; 100 mrad C1 +59.6 A, C3 -6.49 um, 148.9/223.0 A.
# NOT RUNNABLE AS PLANNED: region_geometry can only give them the whole 210 A box as a window, and at N <= 1424 px that
# crops the detector to +-66 mrad, inside the aperture. 90 needs a ~140 A window, detector 1.2-1.66 alpha (108-150 mrad;
# 80 mrad ran at 1.66): N ~1540-2130 px, past the engine's proven 1424 (GROUPING ~7-14 on an L40; 1600 positions =
# 15-29 GB data, fits). 100 needs a ~230 A window, so a region side >= ~280 A, and at 1.2 alpha N ~2800 px: 1600
# positions = 50 GB data, ~200 GB peak, over the 192 GB node -- ~900 positions (15 A at 0.5 A) or fewer. See aberration_experiment/HANDOFF_REALISTIC.md, job 3b.
#ceosopt_a090	90	10000000.0	-54100.0	30.9	-	1	0	{"C30":-54100.0,"C50":10000000.0,"C12":0.4861,"phi12":2.001074,"C21":491.9,"phi21":0.670012,"C23":8.1019,"phi23":0.085815,"C32":120.0287,"phi32":0.051923,"C34":120.0287,"phi34":1.277482,"C43":1667.0646,"phi43":1.911671,"C41":100000.0,"phi41":3.811605,"C45":100000.0,"phi45":0.916712,"C56":10000000.0,"phi56":0.569283}	NOT RUNNABLE in a 210 A box (scan 133 + d99 136 A): CEOS fought (floor): d90 88.3 A, d99 135.9 A; B2 -49 nm vs B4; window 210 A, detector +-66 mrad	210	133	3.325	66
#ceosopt_a100	100	10000000.0	-64900.0	59.6	-	1	0	{"C30":-64900.0,"C50":10000000.0,"C12":0.3938,"phi12":2.001074,"C21":653.5,"phi21":0.670012,"C23":5.9063,"phi23":0.085815,"C32":78.7508,"phi32":0.051923,"C34":78.7508,"phi34":1.277482,"C43":984.385,"phi43":1.911671,"C41":100000.0,"phi41":3.811605,"C45":100000.0,"phi45":0.916712,"C56":10000000.0,"phi56":0.569283}	NOT RUNNABLE in a 210 A box (scan 224 + d99 223 A): CEOS fought (floor): d90 148.9 A, d99 223.0 A; B2 -65 nm vs B4; window 210 A, detector +-66 mrad	210	224	5.6	66
# 2026-09-29 THE ARM200F-CLASS TABLEAU (aberration_experiment/HANDOFF_REALISTIC.md). The measured tableau of the lab's JEOL
# ARM200F (2009 CEOS probe corrector), campaign/arm200f_tableau.tsv: run3 for A1 A2 B2 A3 S3 A4, the reference Table 3 for
# B4 D4 A5, all HELD; C5 +4 mm, fixed (factory set); C1 and C3 -- the only terms moved -- set for the smallest d90
# (plan_probe.py --arm: 7 x 7 grid walked until its best point is interior, then Nelder-Mead from the 3 best). Converted
# from CEOS (Haider) notation by aberration_waves.arm_tableau: C21 = 3 B2, C32 = 4 S3, C41 = 5 B4, C43 = 5 D4; angle of the
# complex coefficient = m x azimuth, sign flipped for B2 S3 B4 D4 (campaign/test_haider.py checks it against the formula,
# abTEM's aberration function and abTEM's probe). Coefficients kept in length units at 300 kV (1.27x the waves they are
# at 200 kV). Scan 20 A at 0.5 A (1600 positions). PROPOSED, NOT CONFIRMED: A1 (measured vs nulled), C5 bracket,
# coefficients vs waves, B4/D4 source, which apertures -- ask before running (40-65). 70-90 mrad: rewritten 2026-09-30
# into the 80 mrad geometry (105 A window, +-133 mrad, N 1419 px), their window loss reported, not gated -- see BLOCK 1
# below. Planned with: plan_probe.py --arm --alphas <A> --out <f>; rows before the 20 A scan fix
# carried region_geometry's Rule-4 scan and were given the 20 A / 0.5 A default (the C1/C3 search does not use the scan).
arm_a040	40	40000000.0	-4000.0	52.0	-	6	0	{"C30":-4000.0,"C50":40000000.0,"C12":41.52,"phi12":2.526364,"C23":164.3,"phi23":0.67777,"C21":384.3,"phi21":1.499238,"C34":6332.0,"phi34":0.833831,"C32":17456.0,"phi32":3.038618,"C45":49250.0,"phi45":0.939336,"C41":1500000.0,"phi41":2.460914,"C43":950000.0,"phi43":0.058178,"C56":10000000.0,"phi56":0.436332}	ARM200F-class (run3 + manual B4/D4/A5, C5 4 mm): C1/C3 set for the smallest probe; d50/d90/d99 3.2/7.1/18.1 A; window 35 A loses 0.20 %; N 711 px; scan 20 A at 0.5 A	210	20	0.5	200	-
arm_a050	50	40000000.0	-92900.0	-25.7	-	3	0	{"C30":-92900.0,"C50":40000000.0,"C12":41.52,"phi12":2.526364,"C23":164.3,"phi23":0.67777,"C21":384.3,"phi21":1.499238,"C34":6332.0,"phi34":0.833831,"C32":17456.0,"phi32":3.038618,"C45":49250.0,"phi45":0.939336,"C41":1500000.0,"phi41":2.460914,"C43":950000.0,"phi43":0.058178,"C56":10000000.0,"phi56":0.436332}	ARM200F-class (run3 + manual B4/D4/A5, C5 4 mm): C1/C3 set for the smallest probe; d50/d90/d99 3.9/14.2/32.6 A; window 70 A loses 0.06 %; N 1422 px; scan 20 A at 0.5 A	210	20	0.5	200	-
arm_a060	60	40000000.0	-162100.0	-161.7	-	2	0	{"C30":-162100.0,"C50":40000000.0,"C12":41.52,"phi12":2.526364,"C23":164.3,"phi23":0.67777,"C21":384.3,"phi21":1.499238,"C34":6332.0,"phi34":0.833831,"C32":17456.0,"phi32":3.038618,"C45":49250.0,"phi45":0.939336,"C41":1500000.0,"phi41":2.460914,"C43":950000.0,"phi43":0.058178,"C56":10000000.0,"phi56":0.436332}	ARM200F-class (run3 + manual B4/D4/A5, C5 4 mm): C1/C3 set for the smallest probe; d50/d90/d99 6.5/28.0/64.8 A; window 105 A loses 0.03 %; detector +-133 mrad; N 1419 px; scan 20 A at 0.5 A	210	20	0.5	133	-
arm_a065	65	40000000.0	-181300.0	-170.0	-	2	0	{"C30":-181300.0,"C50":40000000.0,"C12":41.52,"phi12":2.526364,"C23":164.3,"phi23":0.67777,"C21":384.3,"phi21":1.499238,"C34":6332.0,"phi34":0.833831,"C32":17456.0,"phi32":3.038618,"C45":49250.0,"phi45":0.939336,"C41":1500000.0,"phi41":2.460914,"C43":950000.0,"phi43":0.058178,"C56":10000000.0,"phi56":0.436332}	ARM200F-class (run3 + manual B4/D4/A5, C5 4 mm): C1/C3 set for the smallest probe; d50/d90/d99 8.6/40.2/89.5 A; window 105 A loses 0.04 %; detector +-133 mrad; N 1419 px; scan 20 A at 0.5 A	210	20	0.5	133	-
arm_a070	70	40000000.0	-285900.0	-482.9	-	2	0	{"C30":-285900.0,"C50":40000000.0,"C12":41.52,"phi12":2.526364,"C23":164.3,"phi23":0.67777,"C21":384.3,"phi21":1.499238,"C34":6332.0,"phi34":0.833831,"C32":17456.0,"phi32":3.038618,"C45":49250.0,"phi45":0.939336,"C41":1500000.0,"phi41":2.460914,"C43":950000.0,"phi43":0.058178,"C56":10000000.0,"phi56":0.436332}	ARM200F-class (run3 + manual B4/D4/A5, C5 4 mm): C1/C3 set for the smallest probe; d50/d90/d99 24.8/45.8/96.4 A; window 105 A loses 0.77 %, 0.01 % lies outside the 210 A region; detector +-133 mrad; N 1419 px; scan 20 A at 0.5 A	210	20	0.5	133	-
arm_a075	75	40000000.0	-333500.0	-637.9	-	2	0	{"C30":-333500.0,"C50":40000000.0,"C12":41.52,"phi12":2.526364,"C23":164.3,"phi23":0.67777,"C21":384.3,"phi21":1.499238,"C34":6332.0,"phi34":0.833831,"C32":17456.0,"phi32":3.038618,"C45":49250.0,"phi45":0.939336,"C41":1500000.0,"phi41":2.460914,"C43":950000.0,"phi43":0.058178,"C56":10000000.0,"phi56":0.436332}	ARM200F-class (run3 + manual B4/D4/A5, C5 4 mm): C1/C3 set for the smallest probe; d50/d90/d99 28.4/80.1/168.0 A; window 105 A loses 3.18 %, 0.01 % lies outside the 210 A region; detector +-133 mrad; N 1419 px; scan 20 A at 0.5 A	210	20	0.5	133	-
arm_a080	80	40000000.0	-380300.0	-816.2	-	2	0	{"C30":-380300.0,"C50":40000000.0,"C12":41.52,"phi12":2.526364,"C23":164.3,"phi23":0.67777,"C21":384.3,"phi21":1.499238,"C34":6332.0,"phi34":0.833831,"C32":17456.0,"phi32":3.038618,"C45":49250.0,"phi45":0.939336,"C41":1500000.0,"phi41":2.460914,"C43":950000.0,"phi43":0.058178,"C56":10000000.0,"phi56":0.436332}	ARM200F-class (run3 + manual B4/D4/A5, C5 4 mm): C1/C3 set for the smallest probe; d50/d90/d99 31.0/95.6/206.4 A; window 105 A loses 6.09 %, 0.21 % lies outside the 210 A region; detector +-133 mrad; N 1419 px; scan 20 A at 0.5 A	210	20	0.5	133	-
arm_a090	90	40000000.0	-325000.0	-592.3	-	2	0	{"C30":-325000.0,"C50":40000000.0,"C12":41.52,"phi12":2.526364,"C23":164.3,"phi23":0.67777,"C21":384.3,"phi21":1.499238,"C34":6332.0,"phi34":0.833831,"C32":17456.0,"phi32":3.038618,"C45":49250.0,"phi45":0.939336,"C41":1500000.0,"phi41":2.460914,"C43":950000.0,"phi43":0.058178,"C56":10000000.0,"phi56":0.436332}	ARM200F-class (run3 + manual B4/D4/A5, C5 4 mm): C1/C3 set for the smallest probe (QUICK, coarse); d50/d90/d99 35.9/152.6/326.4 A; window 105 A loses 17.35 %, 4.04 % lies outside the 210 A region; detector +-133 mrad; N 1419 px; scan 20 A at 0.5 A	210	20	0.5	133	-
#arm_a100	100	40000000.0	-550700.0	-1701.0	-	2	0	{"C30":-550700.0,"C50":40000000.0,"C12":41.52,"phi12":2.526364,"C23":164.3,"phi23":0.67777,"C21":384.3,"phi21":1.499238,"C34":6332.0,"phi34":0.833831,"C32":17456.0,"phi32":3.038618,"C45":49250.0,"phi45":0.939336,"C41":1500000.0,"phi41":2.460914,"C43":950000.0,"phi43":0.058178,"C56":10000000.0,"phi56":0.436332}	ARM200F-class (run3 + manual B4/D4/A5, C5 4 mm): C1/C3 set for the smallest probe (QUICK, coarse); d50/d90/d99 106.0/213.1/434.5 A; window 105 A loses 28.88 %, 10.80 % lies outside the 210 A region; detector +-133 mrad; N 1419 px; scan 20 A at 0.5 A	210	20	0.5	133	-
# 2026-09-30 BLOCK 1 (the user): the window-size rule was never a limit -- 0.31 % is the most any run has lost, not
# the most it can. Every probe from 70 mrad up runs in the geometry that reconstructs CEOS 80 (ceosopt_a080_f20: 210 A
# region, BIN 2 = 105 A window, +-133 mrad, N 1419 px, 20 A at 0.5 A, 1600 positions); only the probe changes, and its
# loss outside the window (and outside the 210 A region the sim wraps) is reported in the note, not gated. The arm_a070..
# a090 rows above were rewritten the same way (arm_a100 stays planned only). Never a smaller scan field; denser (0.4 A,
# 2500 positions) fits at 1419 px. If the 105 A window fails: detector crop first (FULL_NDP beside PRESOLVE_NDP in
# run_synthetic_recon_ML.m, one sim kept with CLEANDATA=0, RECON_ONLY), region and scan last.
#   ceosopt_a0{90,100}_f20  CEOS approx. 90/100 (the planned ceosopt_a090/a100 probes) in that geometry
#   ceosopt_a080_f20_b4     CALIBRATION: the probe that reconstructs, at BIN 4 (52.5 A window, N 709 px)
ceosopt_a090_f20	90	10000000.0	-54100.0	30.9	-	2	0	{"C30":-54100.0,"C50":10000000.0,"C12":0.4861,"phi12":2.001074,"C21":491.9,"phi21":0.670012,"C23":8.1019,"phi23":0.085815,"C32":120.0287,"phi32":0.051923,"C34":120.0287,"phi34":1.277482,"C43":1667.0646,"phi43":1.911671,"C41":100000.0,"phi41":3.811605,"C45":100000.0,"phi45":0.916712,"C56":10000000.0,"phi56":0.569283}	CEOS 90 mrad in the 80 mrad geometry (ceosopt_a080_f20), scan 20 A at 0.5 A: CEOS fought (floor): d90 88.3 A, d99 135.9 A; B2 -49 nm vs B4; window 105 A loses 3.43 %, 0.01 % lies outside the 210 A region; detector +-133 mrad; N 1419 px	210	20	0.5	133	-
ceosopt_a100_f20	100	10000000.0	-64900.0	59.6	-	2	0	{"C30":-64900.0,"C50":10000000.0,"C12":0.3938,"phi12":2.001074,"C21":653.5,"phi21":0.670012,"C23":5.9063,"phi23":0.085815,"C32":78.7508,"phi32":0.051923,"C34":78.7508,"phi34":1.277482,"C43":984.385,"phi43":1.911671,"C41":100000.0,"phi41":3.811605,"C45":100000.0,"phi45":0.916712,"C56":10000000.0,"phi56":0.569283}	CEOS 100 mrad in the 80 mrad geometry (ceosopt_a080_f20), scan 20 A at 0.5 A: CEOS fought (floor): d90 148.9 A, d99 223.0 A; B2 -65 nm vs B4; window 105 A loses 18.29 %, 1.08 % lies outside the 210 A region; detector +-133 mrad; N 1419 px	210	20	0.5	133	-
ceosopt_a080_f20_b4	80	10000000.0	-42000.0	26.4	-	4	0	{"C30":-42000.0,"C50":10000000.0,"C12":0.6152,"phi12":2.001074,"C21":410.6,"phi21":0.670012,"C23":11.5358,"phi23":0.085815,"C32":192.2627,"phi32":0.051923,"C34":192.2627,"phi34":1.277482,"C43":3004.1046,"phi43":1.911671,"C41":100000.0,"phi41":3.811605,"C45":100000.0,"phi45":0.916712,"C56":10000000.0,"phi56":0.569283}	CALIBRATION: ceosopt_a080_f20 (reconstructs at 105 A: 100/67/75 %, z 0.48 A) at BIN 4 = a 52.5 A window, the same +-133 mrad: d90 49.1 A, d99 75.7 A; window 52.5 A loses 5.54 %, 0.00 % lies outside the 210 A region; detector +-133 mrad; N 709 px; what a known loss does to a run that otherwise reconstructs	210	20	0.5	133	-
# 2026-10-01 BLOCK 2 -- THE ARM200F SWEEP WE MOVE FORWARD WITH (the user): the ARM200F tableau at 300 kV in length units
# (run3 + the reference's B4/D4/A5, C5 +4 mm), with the knobs the user is SURE the ARM's CEOS tuning moves set for the
# smallest probe: C1, C3, B2 (against B4) and A1 (against S3) -- plan_probe.py --arm --fight B2 A1 (90/100 --quick). A2, S3,
# A3 stay at run3's values (editable on the ARM not confirmed). Every leg in the 105 A-capped geometry: window from d99,
# never above 105 A (BIN 2, +-133 mrad, N 1419 px), loss reported in the note; 20 A at 0.5 A. Submitted with
# KICK_LABELS="armf_a040 armf_a060 armf_a080 armf_a100": probe released from C1/C3/A1 x 1.05, 3 modes.
armf_a040	40	40000000.0	-33900.0	15.1	-	12	0	{"C30":-33900.0,"C50":40000000.0,"C12":16.1,"phi12":1.467822,"C23":164.3,"phi23":0.67777,"C21":1980.2,"phi21":5.602507,"C34":6332.0,"phi34":0.833831,"C32":17456.0,"phi32":3.038618,"C45":49250.0,"phi45":0.939336,"C41":1500000.0,"phi41":2.460914,"C43":950000.0,"phi43":0.058178,"C56":10000000.0,"phi56":0.436332}	ARM200F-class (run3 + manual B4/D4/A5, C5 4 mm, B2 -66.0 nm (CEOS) set against B4, A1 -1.6 nm (CEOS) set against S3): C1/C3 set for the smallest probe; d50/d90/d99 1.3/3.8/11.8 A; window 17.5 A loses 0.47 %, 0.00 % lies outside the 210 A region; N 356 px	210	20	0.5	200	-
armf_a050	50	40000000.0	-122900.0	-92.5	-	6	0	{"C30":-122900.0,"C50":40000000.0,"C12":29.8,"phi12":1.467822,"C23":164.3,"phi23":0.67777,"C21":2348.2,"phi21":5.602507,"C34":6332.0,"phi34":0.833831,"C32":17456.0,"phi32":3.038618,"C45":49250.0,"phi45":0.939336,"C41":1500000.0,"phi41":2.460914,"C43":950000.0,"phi43":0.058178,"C56":10000000.0,"phi56":0.436332}	ARM200F-class (run3 + manual B4/D4/A5, C5 4 mm, B2 -78.3 nm (CEOS) set against B4, A1 -3.0 nm (CEOS) set against S3): C1/C3 set for the smallest probe; d50/d90/d99 2.9/9.1/20.3 A; window 35 A loses 0.17 %, 0.00 % lies outside the 210 A region; N 711 px	210	20	0.5	200	-
armf_a060	60	40000000.0	-162300.0	-149.7	-	3	0	{"C30":-162300.0,"C50":40000000.0,"C12":49.6,"phi12":1.467822,"C23":164.3,"phi23":0.67777,"C21":4214.3,"phi21":5.602507,"C34":6332.0,"phi34":0.833831,"C32":17456.0,"phi32":3.038618,"C45":49250.0,"phi45":0.939336,"C41":1500000.0,"phi41":2.460914,"C43":950000.0,"phi43":0.058178,"C56":10000000.0,"phi56":0.436332}	ARM200F-class (run3 + manual B4/D4/A5, C5 4 mm, B2 -140.5 nm (CEOS) set against B4, A1 -5.0 nm (CEOS) set against S3): C1/C3 set for the smallest probe; d50/d90/d99 6.9/21.1/36.4 A; window 70 A loses 0.05 %, 0.00 % lies outside the 210 A region; N 1422 px	210	20	0.5	200	-
armf_a065	65	40000000.0	-180200.0	-172.0	-	3	0	{"C30":-180200.0,"C50":40000000.0,"C12":53.1,"phi12":1.467822,"C23":164.3,"phi23":0.67777,"C21":4754.7,"phi21":5.602507,"C34":6332.0,"phi34":0.833831,"C32":17456.0,"phi32":3.038618,"C45":49250.0,"phi45":0.939336,"C41":1500000.0,"phi41":2.460914,"C43":950000.0,"phi43":0.058178,"C56":10000000.0,"phi56":0.436332}	ARM200F-class (run3 + manual B4/D4/A5, C5 4 mm, B2 -158.5 nm (CEOS) set against B4, A1 -5.3 nm (CEOS) set against S3): C1/C3 set for the smallest probe; d50/d90/d99 6.9/28.8/55.3 A; window 70 A loses 0.07 %, 0.00 % lies outside the 210 A region; N 1422 px	210	20	0.5	200	-
armf_a070	70	40000000.0	-283900.0	-484.8	-	2	0	{"C30":-283900.0,"C50":40000000.0,"C12":57.5,"phi12":1.467822,"C23":164.3,"phi23":0.67777,"C21":5709.9,"phi21":5.602507,"C34":6332.0,"phi34":0.833831,"C32":17456.0,"phi32":3.038618,"C45":49250.0,"phi45":0.939336,"C41":1500000.0,"phi41":2.460914,"C43":950000.0,"phi43":0.058178,"C56":10000000.0,"phi56":0.436332}	ARM200F-class (run3 + manual B4/D4/A5, C5 4 mm, B2 -190.3 nm (CEOS) set against B4, A1 -5.8 nm (CEOS) set against S3): C1/C3 set for the smallest probe; d50/d90/d99 15.4/40.9/71.3 A; window 105 A loses 0.04 %, 0.01 % lies outside the 210 A region; detector +-133 mrad; N 1419 px	210	20	0.5	133	-
armf_a075	75	40000000.0	-327700.0	-622.4	-	2	0	{"C30":-327700.0,"C50":40000000.0,"C12":64.7,"phi12":1.467822,"C23":164.3,"phi23":0.67777,"C21":6768.2,"phi21":5.602507,"C34":6332.0,"phi34":0.833831,"C32":17456.0,"phi32":3.038618,"C45":49250.0,"phi45":0.939336,"C41":1500000.0,"phi41":2.460914,"C43":950000.0,"phi43":0.058178,"C56":10000000.0,"phi56":0.436332}	ARM200F-class (run3 + manual B4/D4/A5, C5 4 mm, B2 -225.6 nm (CEOS) set against B4, A1 -6.5 nm (CEOS) set against S3): C1/C3 set for the smallest probe; d50/d90/d99 21.4/56.2/103.2 A; window 105 A loses 0.08 %, 0.01 % lies outside the 210 A region; detector +-133 mrad; N 1419 px	210	20	0.5	133	-
armf_a080	80	40000000.0	-406600.0	-958.6	-	2	0	{"C30":-406600.0,"C50":40000000.0,"C12":12.4,"phi12":1.467822,"C23":164.3,"phi23":0.67777,"C21":4287.6,"phi21":5.602507,"C34":6332.0,"phi34":0.833831,"C32":17456.0,"phi32":3.038618,"C45":49250.0,"phi45":0.939336,"C41":1500000.0,"phi41":2.460914,"C43":950000.0,"phi43":0.058178,"C56":10000000.0,"phi56":0.436332}	ARM200F-class (run3 + manual B4/D4/A5, C5 4 mm, B2 -142.9 nm (CEOS) set against B4, A1 -1.2 nm (CEOS) set against S3): C1/C3 set for the smallest probe; d50/d90/d99 31.9/73.7/150.7 A; window 105 A loses 3.34 %, 0.01 % lies outside the 210 A region; detector +-133 mrad; N 1419 px	210	20	0.5	133	-
armf_a090	90	40000000.0	-325800.0	-519.4	-	2	0	{"C30":-325800.0,"C50":40000000.0,"C12":111.4,"phi12":1.467822,"C23":164.3,"phi23":0.67777,"C21":9708.5,"phi21":5.602507,"C34":6332.0,"phi34":0.833831,"C32":17456.0,"phi32":3.038618,"C45":49250.0,"phi45":0.939336,"C41":1500000.0,"phi41":2.460914,"C43":950000.0,"phi43":0.058178,"C56":10000000.0,"phi56":0.436332}	ARM200F-class (run3 + manual B4/D4/A5, C5 4 mm, B2 -323.6 nm (CEOS) set against B4, A1 -11.1 nm (CEOS) set against S3): C1/C3 set for the smallest probe (QUICK, coarse); d50/d90/d99 28.6/125.3/223.7 A; window 105 A loses 13.68 %, 0.75 % lies outside the 210 A region; detector +-133 mrad; N 1419 px	210	20	0.5	133	-
armf_a100	100	40000000.0	-554000.0	-1732.4	-	2	0	{"C30":-554000.0,"C50":40000000.0,"C12":135.5,"phi12":1.467822,"C23":164.3,"phi23":0.67777,"C21":10394.6,"phi21":5.602507,"C34":6332.0,"phi34":0.833831,"C32":17456.0,"phi32":3.038618,"C45":49250.0,"phi45":0.939336,"C41":1500000.0,"phi41":2.460914,"C43":950000.0,"phi43":0.058178,"C56":10000000.0,"phi56":0.436332}	ARM200F-class (run3 + manual B4/D4/A5, C5 4 mm, B2 -346.5 nm (CEOS) set against B4, A1 -13.6 nm (CEOS) set against S3): C1/C3 set for the smallest probe (QUICK, coarse); d50/d90/d99 70.4/208.2/374.1 A; window 105 A loses 23.06 %, 7.26 % lies outside the 210 A region; detector +-133 mrad; N 1419 px	210	20	0.5	133	-
