run,tag,rep_Pb,rep_Ti,rep_O,rep_prec,rep_z,rnd_Pb,rnd_Ti,rnd_O,rnd_prec,rnd_z,shift_Pb,shift_Ti,shift_O,shift_prec,shift_z,strict_Pb,strict_Ti,strict_O,strict_prec,strict_z,frame0_Pb,frame0_Ti,frame0_O,frame0_prec,frame0_z,strictnull_Pb,strictnull_Ti,strictnull_O,strictnull_prec,strictnull_z,lockin_Pb,lockin_Pb_se,lockin_TiO,lockin_TiO_se,vacuum_ratio
known_a050,armf_a050,0.49333333333333335,0.5694444444444444,0.41203703703703703,0.9249146757679181,0.8465151481689318,0.46266666666666667,0.3861111111111111,0.43240740740740735,0.7868600682593857,1.0188079335236415,0.56,0.2638888888888889,0.48148148148148145,0.8976109215017065,1.0764168170321773,0.10666666666666667,0.25,0.17592592592592593,0.2832764505119454,0.2760721311248001,0.5066666666666667,0.32653061224489793,0.514792899408284,0.9590443686006825,1.202113335387844,0.14933333333333335,0.125,0.12037037037037038,0.22593856655290107,0.2875189529644343,,,,,0.31852060556411743
known_a060,armf_a060,0.8933333333333333,0.875,0.8101851851851852,0.8211920529801324,0.9059236352961522,0.6693333333333333,0.6993055555555556,0.7134259259259259,0.6478476821192052,1.0483774768942091,0.64,0.7222222222222222,0.8796296296296297,0.7400662251655629,1.1156650121015987,0.36,0.4444444444444444,0.18981481481481483,0.33278145695364236,0.2669989882074625,0.8933333333333333,0.8888888888888888,0.8055555555555556,0.8245033112582781,0.9072202565714449,0.22399999999999998,0.17777777777777778,0.24953703703703703,0.2085264900662252,0.2862485929429165,,,,,0.31637272238731384
known_a065,armf_a065,0.9066666666666666,0.8055555555555556,0.8148148148148148,0.9746300211416491,0.8379748728706745,0.6246666666666667,0.6131944444444444,0.607638888888889,0.7125792811839324,1.039866635449461,0.7733333333333333,0.5694444444444444,0.7175925925925926,0.7949260042283298,1.1611171226801498,0.3466666666666667,0.4027777777777778,0.4305555555555556,0.39323467230443976,0.2933653791648628,0.9066666666666666,0.7916666666666666,0.8194444444444444,0.9682875264270613,0.8520810332504297,0.2026666666666667,0.16805555555555554,0.18611111111111112,0.21120507399577168,0.2861174954437801,,,,,0.4366804361343384
known_a070,armf_a070,1.0,0.6805555555555556,0.6759259259259259,0.9676025917926566,0.5193123610053738,0.6625,0.4833333333333333,0.5456018518518518,0.6802375809935205,1.057521144065312,0.7625,0.4444444444444444,0.6759259259259259,0.8012958963282938,1.3987349967602567,0.9,0.4861111111111111,0.4722222222222222,0.7062634989200864,0.2448187795969475,1.0,0.6805555555555556,0.6759259259259259,0.9676025917926566,0.5195670410106474,0.22625,0.14513888888888887,0.16550925925925927,0.21285097192224628,0.2852543214636264,,,,,0.4274965822696686
known_a080,armf_a080,1.0,0.6666666666666666,0.7361111111111112,0.9745222929936306,0.44716587583983325,0.6474358974358975,0.5319444444444444,0.5569444444444445,0.6805732484076433,1.0661040784296636,0.7948717948717948,0.5555555555555556,0.6851851851851852,0.772823779193206,1.3614398818569957,0.8974358974358975,0.5833333333333334,0.5925925925925926,0.7070063694267515,0.22918046340133755,1.0,0.6666666666666666,0.7361111111111112,0.9745222929936306,0.47800676016855553,0.225,0.15208333333333335,0.17337962962962963,0.21157112526539282,0.28371735432072737,3.55167276953289,1.7923709579682274,3.158827666138952,0.63385893344168,0.4955486059188843
known_a090,armf_a090,0.9066666666666666,0.6388888888888888,0.30092592592592593,0.9501557632398754,0.41644239047930137,0.6233333333333334,0.43888888888888883,0.3016203703703703,0.6861370716510904,1.033679764315288,0.6,0.4444444444444444,0.3611111111111111,0.7414330218068536,1.2529418503314813,0.76,0.3194444444444444,0.22685185185185186,0.6853582554517134,0.2615799269244818,0.9066666666666666,0.6388888888888888,0.30092592592592593,0.9532710280373832,0.4353407801029223,0.20800000000000002,0.11319444444444446,0.09490740740740741,0.20763239875389408,0.2874035190591696,14.005605276357358,2.5406727212257505,5.862725397846807,0.8727705071682912,0.7381672263145447
known_a100,armf_a100,0.3333333333333333,0.5833333333333334,0.046296296296296294,0.8859060402684564,0.6105569345924824,0.3686666666666667,0.3270833333333333,0.11527777777777777,0.7808724832214766,0.925170506080439,0.3333333333333333,0.09722222222222222,0.17592592592592593,0.7583892617449665,1.0470560721040265,0.10666666666666667,0.027777777777777776,0.023148148148148147,0.22818791946308725,0.30305402264437553,0.36,0.5833333333333334,0.05092592592592592,0.9060402684563759,0.6807371226373145,0.06599999999999999,0.004861111111111112,0.04976851851851851,0.1906040268456376,0.27409888126539694,-9.70861930623407,2.008575213750915,-0.19582610796960284,1.3109611400083077,0.7736087441444397
win_070,armf_a080_b3,1.0,0.6666666666666666,0.7407407407407407,0.9688796680497925,0.5168640952159381,0.6651898734177215,0.51875,0.5576388888888889,0.675414937759336,1.0502970602146628,0.7721518987341772,0.5972222222222222,0.6620370370370371,0.7531120331950207,1.344245808182584,0.9493670886075949,0.5555555555555556,0.5509259259259259,0.6887966804979253,0.24705279859130547,1.0,0.6666666666666666,0.7453703703703703,0.966804979253112,0.5641288948097587,0.24240506329113928,0.16666666666666669,0.18032407407407408,0.22085062240663902,0.28409854746981533,5.041729590394566,1.8219542032859348,2.7509797451617786,0.5357793146794688,0.5427178740501404
win_052,armf_a080_b4,0.8266666666666667,0.3194444444444444,0.12037037037037036,0.9242424242424242,0.618228605741276,0.608,0.28055555555555556,0.11412037037037034,0.7275252525252525,1.0009837449613763,0.6,0.3194444444444444,0.12962962962962962,0.7525252525252525,1.1748652300509184,0.3466666666666667,0.0,0.05092592592592592,0.2828282828282828,0.27200041164898564,0.8266666666666667,0.3888888888888889,0.10185185185185185,0.9191919191919192,0.6869150909486323,0.12533333333333335,0.005555555555555555,0.047453703703703706,0.1724747474747475,0.28727136681610094,-2.190512906758981,2.768697883434684,-0.036268835390369514,0.9515305788367837,0.7322162389755249
long_m3,armf_a080_long_m3_kern-armf_a080,1.0,0.6326530612244898,0.6708074534161491,0.7699757869249395,0.44829119038865156,0.5639344262295082,0.36326530612244895,0.4692546583850932,0.5083535108958839,1.0506138501966789,0.7704918032786885,0.30612244897959184,0.6956521739130435,0.5932203389830508,1.3958226547321266,0.8032786885245902,0.32653061224489793,0.515527950310559,0.5447941888619855,0.24234638102982398,1.0,0.6530612244897959,0.7027027027027027,0.7675544794188862,0.4817058609254212,0.18114754098360658,0.09183673469387754,0.13757763975155277,0.15108958837772396,0.2873391063744334,-1.2452490530400966,2.635383681629471,10.442834554465394,1.3629075434470572,0.747060239315033
long_m6,armf_a080_long_m6_kern-armf_a080,1.0,0.7346938775510204,0.75,0.7936893203883495,0.4852655937099968,0.5820000000000001,0.386734693877551,0.4881756756756757,0.5217233009708738,1.0371145095145793,0.62,0.3877551020408163,0.7837837837837838,0.5703883495145631,1.3163659509030745,0.66,0.46938775510204084,0.6554054054054054,0.5558252427184466,0.251764594138553,1.0,0.7551020408163265,0.7432432432432432,0.7864077669902912,0.6113788723951143,0.194,0.07448979591836735,0.15540540540540537,0.15364077669902915,0.29295424917762825,-4.169479135356134,1.1735949838171253,7.908906169351812,0.6850517987154471,0.8454660773277283
fixed_1e7,armf_a080_ph16_coh_dose1e7_fixed,0.7866666666666666,0.3673469387755102,0.20710059171597633,0.9097222222222222,1.0069402906860434,0.48266666666666663,0.23367346938775507,0.128698224852071,0.6993055555555556,1.0361721297212336,0.8,0.30612244897959184,0.20710059171597633,0.8055555555555556,0.9623941734810182,0.22666666666666666,0.0,0.05325443786982249,0.19444444444444445,0.2167531183448992,0.7066666666666667,0.5306122448979592,0.13609467455621302,0.8680555555555556,1.0491587196445937,0.11066666666666666,0.0,0.050887573964497036,0.16562500000000002,0.29261652333000515,1.9992168809345054,0.5884611384023246,-4.359773639923655,0.5643759371328216,1.2657016515731812
fixed_1e8,armf_a080_ph16_coh_dose1e8_fixed,0.7333333333333333,0.3611111111111111,0.08796296296296297,0.9133858267716536,0.9097991945417306,0.46133333333333343,0.20625,0.08148148148148147,0.7633858267716536,0.9565479357724389,0.7466666666666667,0.2222222222222222,0.13425925925925927,0.8976377952755905,1.0319614298663589,0.22666666666666666,0.027777777777777776,0.046296296296296294,0.2992125984251969,0.24699273237455907,0.72,0.3877551020408163,0.14792899408284024,0.8582677165354331,0.9891687204217924,0.14533333333333331,0.0125,0.03078703703703704,0.218503937007874,0.27806294092198797,-0.13361475043279644,0.7269826982284439,1.5614376536785255,0.6767475346485755,1.2855401039123535
hail_1e7,armf_a080_ph16_coh_dose1e7_kern-armf_a080,0.21333333333333335,0.1111111111111111,0.037037037037037035,0.4803921568627451,0.9394606962044857,0.15733333333333333,0.049999999999999996,0.04652777777777777,0.39215686274509814,0.9631126657033342,0.21333333333333335,0.0,0.06481481481481481,0.47058823529411764,1.0263613858385132,0.04,0.0,0.018518518518518517,0.08823529411764706,0.3023895476498177,0.22666666666666666,0.061224489795918366,0.07100591715976332,0.49019607843137253,0.9639635067941092,0.030666666666666658,0.0,0.01550925925925926,0.0906862745098039,0.30248626108004695,2.7388028805069293,1.3155855498323976,5.505564532655025,1.9354271112040529,1.1730642318725586
