instrument,alpha,label,status,Pb,Ti,O,z_rms,precision,confusion,NL,scan,source
CEOS,50,ceosopt_a050,ok,0.6933333333333334,0.5833333333333334,0.6064814814814815,1.1176922607526445,0.916030534351145,0.125,7,20 A at 0.5 A,/Users/u2109287/Desktop/ceos80_sweeps/analysis_local_fixed/ceos/summary.csv
CEOS,60,ceosopt_a060,ok,0.92,0.8055555555555556,0.7777777777777778,0.8511628917233823,0.8473967684021544,0.09957627118644068,10,20 A at 0.5 A,/Users/u2109287/Desktop/ceos80_sweeps/analysis_local_fixed/ceos6x/summary.csv
CEOS,65,ceosopt_a065,ok,0.88,0.6527777777777778,0.7361111111111112,0.8636027388311812,0.953810623556582,0.08958837772397095,12,27 A at 0.675 A,/Users/u2109287/Desktop/ceos80_sweeps/analysis_local_fixed/ceos6x/summary.csv
CEOS,70,ceosopt_a070_f20,ok,0.975,0.8611111111111112,0.8611111111111112,0.5665587227869995,0.9809160305343512,0.007782101167315175,14,20 A at 0.5 A,/Users/u2109287/Desktop/ceos_0928c/analysis_ceosopt_a070_f20-ceosopt_a070_nl10-ceosopt_a080_f20-ceosopt_a075-round_a075_b8-round_a080_b9_20260928_223816/analysis_ceosopt_a070_f20-ceosopt_a070_nl10-ceosopt_a080_f20-ceosopt_a075-round_a075_b8-round_a080_b9_20260928_223816/summary.csv
CEOS,75,ceosopt_a075,ok,0.9647058823529412,0.6388888888888888,0.5189873417721519,0.7294495012831806,0.7574626865671642,0.03694581280788178,16,54 A at 1.35 A,/Users/u2109287/Desktop/ceos_0928c/analysis_ceosopt_a070_f20-ceosopt_a070_nl10-ceosopt_a080_f20-ceosopt_a075-round_a075_b8-round_a080_b9_20260928_223816/analysis_ceosopt_a070_f20-ceosopt_a070_nl10-ceosopt_a080_f20-ceosopt_a075-round_a075_b8-round_a080_b9_20260928_223816/summary.csv
CEOS,80,ceosopt_a080_f20,ok,1.0,0.6666666666666666,0.7453703703703703,0.4769675477982317,0.9748953974895398,0.004291845493562232,18,20 A at 0.5 A,/Users/u2109287/Desktop/ceos_0928c/analysis_ceosopt_a070_f20-ceosopt_a070_nl10-ceosopt_a080_f20-ceosopt_a075-round_a075_b8-round_a080_b9_20260928_223816/analysis_ceosopt_a070_f20-ceosopt_a070_nl10-ceosopt_a080_f20-ceosopt_a075-round_a075_b8-round_a080_b9_20260928_223816/summary.csv
round,50,round_a050,ok,0.6,0.5972222222222222,0.5092592592592593,1.0371077893378133,0.9387755102040817,0.16149068322981366,7,20 A at 0.5 A,/Users/u2109287/Desktop/ceos80_sweeps/analysis_local_fixed/round/summary.csv
round,60,round_a060,ok,0.9066666666666666,0.8194444444444444,0.7083333333333334,0.8758968417386124,0.8376865671641791,0.12694877505567928,10,20 A at 0.5 A,/Users/u2109287/Desktop/ceos80_sweeps/analysis_local_fixed/round/summary.csv
round,65,round_a065,ok,0.84,0.6388888888888888,0.6342592592592593,0.8681550075048248,0.9703703703703703,0.11704834605597965,12,20 A at 0.5 A,/Users/u2109287/Desktop/ceos_0928/analysis_round_a040-round_a050-round_a060-round_a065-round_a070-ceosopt_a040-ceosopt_a050-ceosopt_a075_20260928_090417/analysis_round_a040-round_a050-round_a060-round_a065-round_a070-ceosopt_a040-ceosopt_a050-ceosopt_a075_20260928_090417/summary.csv
round,70,round_a070,ok,0.975,0.8333333333333334,0.8055555555555556,0.5620706471924111,0.9899598393574297,0.006085192697768763,14,20 A at 0.5 A,/Users/u2109287/Desktop/ceos80_sweeps/analysis_local_fixed/round/summary.csv
round,75,round_a075_b8,ok,0.945054945054945,0.6111111111111112,0.4345991561181435,0.7760947624509806,0.7898230088495575,0.46218487394957986,16,20 A at 0.5 A,/Users/u2109287/Desktop/ceos_0928c/analysis_ceosopt_a070_f20-ceosopt_a070_nl10-ceosopt_a080_f20-ceosopt_a075-round_a075_b8-round_a080_b9_20260928_223816/analysis_ceosopt_a070_f20-ceosopt_a070_nl10-ceosopt_a080_f20-ceosopt_a075-round_a075_b8-round_a080_b9_20260928_223816/summary.csv
round,80,round_a080_b9,ok,0.961038961038961,0.7916666666666666,0.8101851851851852,0.5540665732953792,0.9647749510763209,0.02434077079107505,18,20 A at 0.5 A,/Users/u2109287/Desktop/ceos_0928c/analysis_ceosopt_a070_f20-ceosopt_a070_nl10-ceosopt_a080_f20-ceosopt_a075-round_a075_b8-round_a080_b9_20260928_223816/analysis_ceosopt_a070_f20-ceosopt_a070_nl10-ceosopt_a080_f20-ceosopt_a075-round_a075_b8-round_a080_b9_20260928_223816/summary.csv
CEOS,70,ceosopt_a070,SATURATED: lab Pb Ti,nan,nan,nan,nan,nan,nan,0,38 A at 0.95 A,/Users/u2109287/Desktop/ceos_phase_ceos/analysis_ceosopt_a070-ceosopt_a075-ceosopt_a080_20260928_114747/analysis_ceosopt_a070-ceosopt_a075-ceosopt_a080_20260928_114747/summary.csv
CEOS,80,ceosopt_a080,SATURATED: lab Pb Ti,nan,nan,nan,nan,nan,nan,0,74 A at 1.85 A,/Users/u2109287/Desktop/ceos_phase_ceos/analysis_ceosopt_a070-ceosopt_a075-ceosopt_a080_20260928_114747/analysis_ceosopt_a070-ceosopt_a075-ceosopt_a080_20260928_114747/summary.csv
