step,label,alpha,date,precision,Pb_recall,Ti_recall,O_recall,Pb_recall_bulk,Ti_recall_bulk,O_recall_bulk,xy_rms,z_rms,Pb_zrms,Ti_zrms,O_zrms,confusion,n_found,n_matched,fp_total,fp_Pb,fp_Ti,fp_O,c1_true,c1_fit,c1_halfwidth,c1_within,c1_source,note,report
0,"known probe, noiseless",70,2026-09-17,0.9794238683127572,0.944,0.8584905660377359,0.7672413793103449,0.9753086419753086,0.8194444444444444,0.75,0.04351056640746176,0.5553922254033894,0.5590588790870381,0.4537353895162601,0.5844809001083875,0.012605042016806723,486,476,10,4,0,6,,,,,,canonical round-alpha set; lab BETA_LSQ 0.05,/Users/u2109287/Desktop/thin_ab_af_final/out/atomfind_a70/report.json
0,"known probe, noiseless",90,2026-09-17,0.9397590361445783,0.936,0.9433962264150944,0.9454022988505747,0.9466666666666667,0.9444444444444444,0.9490740740740741,0.0261335265198556,0.3721752600091723,0.3948691972051726,0.3339468236357255,0.37487177378896,0.0,581,546,35,2,0,33,,,,,,canonical round-alpha set; lab BETA_LSQ 0.1 (kernels 0.05) -- re-baselined at 0.05 by step 1's known-C1 NITER 200 run,/Users/u2109287/Desktop/thin_ab_af_final/out/atomfind_a90/report.json
1,"focus fitted, corrector fixed",70,2026-09-21,0.958963282937365,0.936,0.8301886792452831,0.6867816091954023,0.9733333333333334,0.9402985074626866,0.7916666666666666,0.0372100744725269,0.5857964613181897,0.49951881220791866,0.46127002177118115,0.6610643008492231,0.02702702702702703,463,444,19,4,0,15,-60.0,-62.0,3.0,True,a70_lab_n50,lab + matched kernels reconstructed at the fitted focus,/Users/u2109287/Desktop/relax_0921/analysis_0921/atomfind_a70_fitC1/report.json
1,"focus fitted, corrector fixed",90,2026-09-21,0.926391382405745,0.904,0.8679245283018868,0.8936781609195402,0.9,0.8333333333333334,0.8649789029535865,0.023334208977940554,0.4433963691963266,0.42368130233264534,0.3551632774895931,0.47292157300864557,0.0,557,516,41,0,0,41,-160.0,-158.0,1.0,False,a90_lab_n50,lab + matched kernels reconstructed at the fitted focus,/Users/u2109287/Desktop/relax_0921/analysis_0921/atomfind_a90_fitC1/report.json
2,shot noise 1e5 e/A2,70,2026-09-18,0.8705035971223022,0.76,0.6037735849056604,0.5862068965517241,0.7333333333333333,0.5277777777777778,0.5833333333333334,0.17028203092970917,0.9903399854109742,1.0626237142250612,0.5883708099791122,1.0539238066788676,0.13774104683195593,417,363,54,9,0,45,,,,,,known probe; matched kernels at the same dose,/Users/u2109287/Desktop/relax_0917/dose_analysis/atomfind_a70_dose1e5/report.json
2,shot noise 1e6 e/A2,70,2026-09-18,0.8092691622103387,0.824,0.7735849056603774,0.7729885057471264,0.8255813953488372,0.7361111111111112,0.7383966244725738,0.09323156256850387,0.8748238790164238,0.8798874422420148,0.6962966845740908,0.9205523134922395,0.1277533039647577,561,454,107,7,1,99,,,,,,known probe; matched kernels at the same dose,/Users/u2109287/Desktop/relax_0917/dose_analysis/atomfind_a70_dose1e6/report.json
2,shot noise 1e7 e/A2,70,2026-09-18,0.892578125,0.88,0.839622641509434,0.7413793103448276,0.9,0.8055555555555556,0.7088607594936709,0.056460137609878155,0.7665916655273887,0.6984809161251913,0.5496549890836663,0.8536443586010296,0.05689277899343545,512,457,55,5,0,50,,,,,,known probe; matched kernels at the same dose,/Users/u2109287/Desktop/relax_0917/dose_analysis/atomfind_a70_dose1e7/report.json
2,shot noise 1e5 e/A2,90,2026-09-18,0.9511278195488722,0.8,0.5754716981132075,0.26436781609195403,0.72,0.4861111111111111,0.25462962962962965,0.09466616371177103,0.7925959606543194,0.6329037219127193,0.4890953440430278,1.0646898536529747,0.12648221343873517,266,253,13,7,1,5,,,,,,known probe; matched kernels at the same dose,/Users/u2109287/Desktop/relax_0917/dose_analysis/atomfind_a90_dose1e5/report.json
2,shot noise 1e6 e/A2,90,2026-09-18,0.8433333333333334,0.92,0.9150943396226415,0.8448275862068966,0.9066666666666666,0.9027777777777778,0.8425925925925926,0.062450686335761986,0.7256462630795795,0.5737538070100207,0.48038105749735754,0.8374708479537134,0.05138339920948617,600,506,94,9,0,85,,,,,,known probe; matched kernels at the same dose,/Users/u2109287/Desktop/relax_0917/dose_analysis/atomfind_a90_dose1e6/report.json
2,shot noise 1e7 e/A2,90,2026-09-18,0.8020989505247377,0.952,0.9245283018867925,0.9137931034482759,0.96,0.9166666666666666,0.9120370370370371,0.05828598304230991,0.6297363948794418,0.4900866345755435,0.43223842167825904,0.7209194241728913,0.029906542056074768,667,535,132,9,0,123,,,,,,known probe; matched kernels at the same dose,/Users/u2109287/Desktop/relax_0917/dose_analysis/atomfind_a90_dose1e7/report.json
3,thermal vibration (16 configs),70,2026-09-21,0.8455882352941176,0.464,0.32075471698113206,0.06609195402298851,0.7066666666666667,0.3469387755102041,0.10059171597633136,0.20103320964577945,1.0075480013477016,1.1789879571794273,0.8017718530475,0.787548910714055,0.41739130434782606,136,115,21,8,6,7,,,,,,room-temperature per-species amplitudes; known probe,/Users/u2109287/Desktop/relax_0921/analysis_0921/atomfind_a70_ph16/report.json
3,thermal vibration (16 configs),90,2026-09-21,0.9064039408866995,0.648,0.41509433962264153,0.16954022988505746,0.59,0.3888888888888889,0.1729957805907173,0.1430055247614009,0.8202063698890478,1.0101435999464632,0.5494100357546765,0.6870573888077236,0.22282608695652173,203,184,19,4,0,15,,,,,,room-temperature per-species amplitudes; known probe,/Users/u2109287/Desktop/relax_0921/analysis_0921/atomfind_a90_ph16/report.json
4,"six-fold astigmatism, 0.1 waves",70,2026-09-24,0.9833679833679834,0.944,0.8584905660377359,0.7586206896551724,0.9759036144578314,0.8194444444444444,0.7557603686635944,0.03594665644386455,0.5496139298924504,0.5585453994698358,0.46769981427443125,0.5712932729357633,0.012684989429175475,481,473,8,4,0,4,,,,,,"known probe, noiseless; lab + matched kernels re-simulated 2026-09-23 and reconstructed on the fixed engine (40d28a3: probe transposed exactly once per engine); summed detector, as every row above",/Users/u2109287/Desktop/sixfold_0923_analysis/atomfind_nr0p1_C56_0p1w/report.json
4,"six-fold astigmatism, 0.45 waves",70,2026-09-24,0.9590163934426229,0.944,0.8301886792452831,0.7528735632183908,0.9764705882352941,0.8194444444444444,0.7088607594936709,0.04966576614060508,0.5989736300145646,0.5482309468929263,0.530288632685698,0.6411231986809074,0.019230769230769232,488,468,20,6,0,14,,,,,,"known probe, noiseless; lab + matched kernels re-simulated 2026-09-23 and reconstructed on the fixed engine (40d28a3: probe transposed exactly once per engine); summed detector, as every row above",/Users/u2109287/Desktop/sixfold_0923_analysis/atomfind_nr0p45_C56_0p45w/report.json
4,"six-fold astigmatism, 0.1 waves",90,2026-09-24,0.9395509499136442,0.928,0.9433962264150944,0.9425287356321839,0.9333333333333333,0.9444444444444444,0.9444444444444444,0.02630523301943651,0.3797954366810814,0.40401733355892744,0.3428503378918819,0.38166728268238614,0.0,579,544,35,2,0,33,,,,,,"known probe, noiseless; lab + matched kernels re-simulated 2026-09-23 and reconstructed on the fixed engine (40d28a3: probe transposed exactly once per engine); summed detector, as every row above",/Users/u2109287/Desktop/sixfold_0923_analysis/atomfind_nr90_C56_0p1w/report.json
4,"six-fold astigmatism, 0.3 waves",90,2026-09-24,0.9255499153976311,0.936,0.9433962264150944,0.9482758620689655,0.9466666666666667,0.9444444444444444,0.9490740740740741,0.028011006841293044,0.38292670142281665,0.3980234568881756,0.34193294367017557,0.3891751465188854,0.0,591,547,44,2,0,42,,,,,,"known probe, noiseless; lab + matched kernels re-simulated 2026-09-23 and reconstructed on the fixed engine (40d28a3: probe transposed exactly once per engine); summed detector, as every row above",/Users/u2109287/Desktop/sixfold_0923_analysis/atomfind_nr90_C56_0p3w/report.json
4,"six-fold astigmatism, 0.45 waves (C56 = 10 um, the 70 mrad 0.1-wave value)",90,2026-09-24,0.9180602006688964,0.944,0.9433962264150944,0.9511494252873564,0.96,0.9444444444444444,0.9490740740740741,0.033568941945148506,0.391420760326687,0.391220150214347,0.3453534133963426,0.40437647299133883,0.0036429872495446266,598,549,49,2,0,47,,,,,,"known probe, noiseless; lab + matched kernels re-simulated 2026-09-23 and reconstructed on the fixed engine (40d28a3: probe transposed exactly once per engine); summed detector, as every row above",/Users/u2109287/Desktop/sixfold_0923_analysis/atomfind_nr90_C56_10um/report.json
5,the 70 A sample (18 cells),70,2026-09-23,,,,,,,,,,,,,,,,,,,,,,,,,"FAILS. Two attempts, both saturated: solver step 0.05 (2026-09-21) and 0.02 (2026-09-22). a70 NL39 runs to 200 iterations and reaches residual 387 with the phase wrapped across every layer including vacuum; a90 NL64 dies with NaNs in the solver. No atoms found, no recall to report. Thickness is unreconstructed at 70 A with these settings.",
