alpha,mode,variant,niter,rep,c1_true,c1_start,dc1_start,status,nan_in_log,power_ratio,final_error,ov_start,ov_final,c1_final,dc1_final,ov_best_c1,c1_fit_at_edge,slab_centroid,slab_z0,slab_z1,dir
70,lab,fixed,200,1,-60.0,-72.0,-12.0,ok,False,3.871258974851777,36.091244,0.21379248977339677,0.2137925142334898,-71.99988270001936,-11.999882700019356,0.9970174854724547,False,8.99621281712419,1.9660714285714285,4.608104821386042,/Users/u2109287/Desktop/relax_0917/c1fit_results_a70_n200_20260917_181650/recon_c1fit_a70_lab_df-72_n200_NL14
70,lab,fixed,200,1,-60.0,-66.0,-6.0,ok,False,3.2359018167428237,23.709745,0.3099547429303073,0.3099547332558291,-66.01148769800237,-6.0114876980023695,0.9985021422450171,False,8.537365038673732,1.9528605339096854,4.621937656802025,/Users/u2109287/Desktop/relax_0917/c1fit_results_a70_n200_20260917_181650/recon_c1fit_a70_lab_df-66_n200_NL14
70,lab,fixed,200,1,-60.0,-54.0,6.0,ok,False,0.06358146790484613,250.46472,0.3099546196091422,0.30995463480726326,-53.98851149346185,6.01148850653815,0.9985021430518983,False,14.687474351466339,2.0679780338036275,26.541964285714286,/Users/u2109287/Desktop/relax_0917/c1fit_results_a70_n200_20260917_181650/recon_c1fit_a70_lab_df-54_n200_NL14
70,lab,fixed,200,1,-60.0,-48.0,12.0,ok,False,0.2266404748501149,282.40021,0.21379242161354906,0.21379239520095825,-48.000116044051275,11.999883955948725,0.9970174869383319,False,14.689376514903966,2.0053266110462014,26.541964285714286,/Users/u2109287/Desktop/relax_0917/c1fit_results_a70_n200_20260917_181650/recon_c1fit_a70_lab_df-48_n200_NL14
70,lab,update 40 (presolve only),200,1,-60.0,-72.0,-12.0,ok,False,3.7906744320698182,28.308123,0.2137924915552634,0.22057004646119388,-71.36492664787178,-11.364926647871783,0.9927571580259962,False,8.474220296540695,1.9660714285714285,4.55196589184303,/Users/u2109287/Desktop/relax_0917/c1fit_results_a70_n200_ps40_20260917_181649/recon_c1fit_a70_lab_df-72_ps40_n200_NL14
70,lab,update 40 (presolve only),200,1,-60.0,-66.0,-6.0,ok,False,3.1454797544616513,13.991903,0.3099547429303073,0.3445621662430966,-65.8011591645658,-5.801159164565803,0.9931224102672206,False,8.640078099618071,1.9142936071403271,4.65786546670954,/Users/u2109287/Desktop/relax_0917/c1fit_results_a70_n200_ps40_20260917_181649/recon_c1fit_a70_lab_df-66_ps40_n200_NL14
70,lab,update 40 (presolve only),200,1,,-60.0,,NO H5 (crashed?),True,,,,,,,,,,,,/Users/u2109287/Desktop/relax_0917/c1fit_results_a70_n200_ps40_20260917_181649/recon_c1fit_a70_lab_df-60_ps40_n200_NL14
70,lab,update 40 (presolve only),200,1,-60.0,-54.0,6.0,ok,False,0.01996409960212195,121.60983,0.309954618812481,0.03049048167549136,-72.7968095329146,-12.796809532914594,0.03191536693441153,False,14.762684008291506,2.0392709427217177,26.541964285714286,/Users/u2109287/Desktop/relax_0917/c1fit_results_a70_n200_ps40_20260917_181649/recon_c1fit_a70_lab_df-54_ps40_n200_NL14
70,lab,update 40 (presolve only),200,1,,-48.0,,NO H5 (crashed?),True,,,,,,,,,,,,/Users/u2109287/Desktop/relax_0917/c1fit_results_a70_n200_ps40_20260917_181649/recon_c1fit_a70_lab_df-48_ps40_n200_NL14
70,lab,update 40+20,200,1,-60.0,-72.0,-12.0,ok,False,3.8263650037004076,24.767139,0.21379248977339677,0.1937757294503792,-70.31753652834766,-10.31753652834766,0.9931466236844518,False,8.325894256613067,1.9660714285714285,4.525735181019755,/Users/u2109287/Desktop/relax_0917/c1fit_results_a70_n200_ps40x20_20260917_181649/recon_c1fit_a70_lab_df-72_ps40x20_n200_NL14
70,lab,update 40+20,200,1,-60.0,-66.0,-6.0,ok,False,2.989526139512774,12.554673,0.3099547429303073,0.40038441678150194,-65.46630345016918,-5.466303450169178,0.9933387890636156,False,8.812048369849657,1.9086652041291527,4.661529304861249,/Users/u2109287/Desktop/relax_0917/c1fit_results_a70_n200_ps40x20_20260917_181649/recon_c1fit_a70_lab_df-66_ps40x20_n200_NL14
70,lab,update 40+20,200,1,-60.0,-60.0,0.0,ok,False,0.5724978332378968,226.38914,0.9999999999975441,0.04187303042019542,-45.75651173810753,14.243488261892473,0.04535032348922319,False,14.685493042235786,1.7058270239070943,26.541964285714286,/Users/u2109287/Desktop/relax_0917/c1fit_results_a70_n200_ps40x20_20260917_181649/recon_c1fit_a70_lab_df-60_ps40x20_n200_NL14
70,lab,update 40+20,200,1,-60.0,-54.0,6.0,ok,False,0.2243660300607431,142.47128,0.309954618812481,0.023374271768922535,-69.74058805200774,-9.740588052007737,0.02894783933199323,False,14.927740576211704,0.9830357142857142,26.541964285714286,/Users/u2109287/Desktop/relax_0917/c1fit_results_a70_n200_ps40x20_20260917_181649/recon_c1fit_a70_lab_df-54_ps40x20_n200_NL14
70,lab,update 40+20,200,1,-60.0,-48.0,12.0,ok,False,0.382420410109893,301.49069,0.21379242161354906,0.025705676956811495,-50.73125973504046,9.26874026495954,0.028979902460126772,False,12.629731297867085,1.3096756663940359,24.639157381181114,/Users/u2109287/Desktop/relax_0917/c1fit_results_a70_n200_ps40x20_20260917_181649/recon_c1fit_a70_lab_df-48_ps40x20_n200_NL14
90,lab,fixed,200,1,-160.0,-192.0,-32.0,ok,False,0.00107923947577734,129.26971,0.047157670713713185,0.04715766789535213,-192.00156020515288,-32.001560205152884,0.9988544002396322,False,9.374246574992641,0.5983695652173913,1.33726894329232,/Users/u2109287/Desktop/relax_0917/c1fit_results_a90_n200_20260917_181650/recon_c1fit_a90_lab_df-192_n200_NL23
90,lab,fixed,200,1,-160.0,-176.0,-16.0,ok,False,3.5729893232864143,27.331453,0.07543881141474738,0.07543882537277453,-175.99724538142124,-15.997245381421237,0.9991993590627489,False,11.03280551425948,1.1967391304347825,2.6684981486286428,/Users/u2109287/Desktop/relax_0917/c1fit_results_a90_n200_20260917_181650/recon_c1fit_a90_lab_df-176_n200_NL23
90,lab,fixed,200,1,-160.0,-144.0,16.0,ok,False,3.176025566935356,21.480919,0.07544011531242129,0.07544010056440563,-144.00275467301432,15.997245326985677,0.9991993907355075,False,19.33241545413914,26.052760939081832,26.926630434782606,/Users/u2109287/Desktop/relax_0917/c1fit_results_a90_n200_20260917_181650/recon_c1fit_a90_lab_df-144_n200_NL23
90,lab,fixed,200,1,-160.0,-128.0,32.0,ok,False,4.402604741548955,42.709068,0.0471578124249322,0.04715780072109682,-127.99843980993475,32.00156019006525,0.9988543835467447,False,17.096140364333888,20.952421019293876,26.926630434782606,/Users/u2109287/Desktop/relax_0917/c1fit_results_a90_n200_20260917_181650/recon_c1fit_a90_lab_df-128_n200_NL23
90,lab,update 40 (presolve only),200,1,,-192.0,,NO H5 (crashed?),True,,,,,,,,,,,,/Users/u2109287/Desktop/relax_0917/c1fit_results_a90_n200_ps40_20260917_181650/recon_c1fit_a90_lab_df-192_ps40_n200_NL23
90,lab,update 40 (presolve only),200,1,-160.0,-176.0,-16.0,ok,False,3.4873765008411324,25.617226,0.07543881141474738,0.06912345911180513,-175.55599510064647,-15.55599510064647,0.9930129860000624,False,10.54485906814475,1.1967391304347825,2.664688862411086,/Users/u2109287/Desktop/relax_0917/c1fit_results_a90_n200_ps40_20260917_181650/recon_c1fit_a90_lab_df-176_ps40_n200_NL23
90,lab,update 40 (presolve only),200,1,-160.0,-160.0,0.0,ok,False,2.73480478828629,3.676883,0.9999999999502668,0.9992966713050706,-160.00240690804517,-0.00240690804517385,0.9992966713050706,False,13.94410999250526,4.570523985014179,23.02825112606758,/Users/u2109287/Desktop/relax_0917/c1fit_results_a90_n200_ps40_20260917_181650/recon_c1fit_a90_lab_df-160_ps40_n200_NL23
90,lab,update 40 (presolve only),200,1,-160.0,-144.0,16.0,ok,False,3.1027842608438805,20.222204,0.07544011531242129,0.0686554409565745,-144.39170790976988,15.608292090230123,0.9951975617958351,False,19.407892332643776,26.053875334839983,26.926630434782606,/Users/u2109287/Desktop/relax_0917/c1fit_results_a90_n200_ps40_20260917_181650/recon_c1fit_a90_lab_df-144_ps40_n200_NL23
90,lab,update 40 (presolve only),200,1,-160.0,-128.0,32.0,ok,False,4.257507920159742,41.648895,0.04715781248867674,0.03972954408975737,-128.1186643841973,31.881335615802698,0.9772006156034563,False,17.205633934620387,20.78437639373645,26.926630434782606,/Users/u2109287/Desktop/relax_0917/c1fit_results_a90_n200_ps40_20260917_181650/recon_c1fit_a90_lab_df-128_ps40_n200_NL23
90,lab,update 40+20,200,1,,-192.0,,NO H5 (crashed?),True,,,,,,,,,,,,/Users/u2109287/Desktop/relax_0917/c1fit_results_a90_n200_ps40x20_20260917_181650/recon_c1fit_a90_lab_df-192_ps40x20_n200_NL23
90,lab,update 40+20,200,1,-160.0,-176.0,-16.0,ok,False,3.583144862229233,24.537519,0.07543881141474738,0.08613436855926752,-174.88259439956374,-14.882594399563743,0.9826743346692929,False,11.187649856847178,1.1967391304347825,2.6677050807867673,/Users/u2109287/Desktop/relax_0917/c1fit_results_a90_n200_ps40x20_20260917_181650/recon_c1fit_a90_lab_df-176_ps40x20_n200_NL23
90,lab,update 40+20,200,1,-160.0,-160.0,0.0,ok,False,2.73465210121694,3.7006915,0.9999999999502668,0.9985846912822036,-160.0099483673918,-0.00994836739178595,0.9985846912822036,False,13.93791784032564,4.564870237964393,23.025043024652884,/Users/u2109287/Desktop/relax_0917/c1fit_results_a90_n200_ps40x20_20260917_181650/recon_c1fit_a90_lab_df-160_ps40x20_n200_NL23
90,lab,update 40+20,200,1,-160.0,-144.0,16.0,ok,False,3.0146848576686303,18.638601,0.07544011531242129,0.07501164014659091,-145.18968449414155,14.810315505858455,0.9890707187257329,False,19.41980208856882,26.056456226787684,26.926630434782606,/Users/u2109287/Desktop/relax_0917/c1fit_results_a90_n200_ps40x20_20260917_181650/recon_c1fit_a90_lab_df-144_ps40x20_n200_NL23
90,lab,update 40+20,200,1,-160.0,-128.0,32.0,ok,False,4.320808114407552,40.375374,0.04715781248867674,0.04446621760070095,-128.3407539318418,31.65924606815821,0.9176748354091074,False,17.279664563419825,21.02381730140554,26.926630434782606,/Users/u2109287/Desktop/relax_0917/c1fit_results_a90_n200_ps40x20_20260917_181650/recon_c1fit_a90_lab_df-128_ps40x20_n200_NL23
